{"assets/icon/icon.png":["assets/icon/icon.png"],"assets/images/listening.gif":["assets/images/listening.gif"],"assets/leblogo.png":["assets/leblogo.png"],"assets/lesson1_gun/images/1-1.png":["assets/lesson1_gun/images/1-1.png"],"assets/lesson1_gun/images/1-2.png":["assets/lesson1_gun/images/1-2.png"],"assets/lesson1_gun/sons/e.mp3":["assets/lesson1_gun/sons/e.mp3"],"assets/lesson1_gun/sons/non.mp3":["assets/lesson1_gun/sons/non.mp3"],"assets/lesson1_gun/sons/o.mp3":["assets/lesson1_gun/sons/o.mp3"],"assets/lesson1_gun/sons/onon.mp3":["assets/lesson1_gun/sons/onon.mp3"],"assets/lesson1_gun/sons/or.mp3":["assets/lesson1_gun/sons/or.mp3"],"assets/lesson1_gun/sons/ote.mp3":["assets/lesson1_gun/sons/ote.mp3"],"assets/lesson1_gun/sons/otor.mp3":["assets/lesson1_gun/sons/otor.mp3"],"assets/lesson1_gun/sons/te.mp3":["assets/lesson1_gun/sons/te.mp3"],"assets/lesson1_gun/sons/titre_lesson.mp3":["assets/lesson1_gun/sons/titre_lesson.mp3"],"assets/lesson1_gun/sons/to.mp3":["assets/lesson1_gun/sons/to.mp3"],"assets/lesson1_gun/sons/tx1.mp3":["assets/lesson1_gun/sons/tx1.mp3"],"assets/lesson1_gun/sons/tx2.mp3":["assets/lesson1_gun/sons/tx2.mp3"],"assets/lesson1_gun/sons/tx3.mp3":["assets/lesson1_gun/sons/tx3.mp3"],"packages/cupertino_icons/assets/CupertinoIcons.ttf":["packages/cupertino_icons/assets/CupertinoIcons.ttf"]}